{
  "train_loss": [
    0.5490733717231112,
    0.43022896014206613,
    0.3956075453578071,
    0.3661216576034328,
    0.34826722933123055,
    0.33032819160634025,
    0.3222013245338433,
    0.3082938503704473,
    0.2970664561916022,
    0.2954390052836836,
    0.28381729500247327,
    0.2776131075213004,
    0.26740183141797447,
    0.26857899929131196,
    0.25882491036298494,
    0.2584417488628903,
    0.25093716966583507,
    0.2443733619414841,
    0.23917144649091254,
    0.22988822810109627,
    0.22836598738861094,
    0.2255847736118902,
    0.22011728482368498,
    0.21292853219309255,
    0.21192863897239306,
    0.2098366387242712,
    0.20944966178404012,
    0.20385502881040465,
    0.2006718729667927
  ],
  "val_loss": [
    0.5258227158169012,
    0.4885183714127613,
    0.41528398203705735,
    0.40931663493375403,
    0.38867217068225596,
    0.4027852159432414,
    0.3820325982534633,
    0.3555328295850322,
    0.3502209774497052,
    0.34750425527463147,
    0.3207639776327819,
    0.31338435141341564,
    0.3174166773021041,
    0.30859072150780714,
    0.3175853236024113,
    0.2964306021294925,
    0.301411566057234,
    0.28844921110800026,
    0.2906359159064077,
    0.29174409491598063,
    0.28676740194915645,
    0.27748199320451733,
    0.27254127555743446,
    0.2753209522123423,
    0.2756838931778046,
    0.27088816914133435,
    0.2739614291943812,
    0.2715926634040844,
    0.27197139424319716
  ],
  "train_acc": [
    0.7027835163640318,
    0.789496574970099,
    0.810916603240187,
    0.8284766771773404,
    0.8388604979884745,
    0.8513102098510383,
    0.8529955420245733,
    0.8602805262585626,
    0.866478199412852,
    0.8697944982059367,
    0.8753941502663912,
    0.878003696857671,
    0.8850168533217353,
    0.8838208111340654,
    0.8873002065891051,
    0.8901815809503099,
    0.8928998586495597,
    0.8954550396868544,
    0.8984995107100141,
    0.9018158095030988,
    0.9029031205827988,
    0.9036098727846037,
    0.9064912471458084,
    0.910568663694683,
    0.9126345547461129,
    0.9123083614222028,
    0.9129607480700228,
    0.9131782102859628,
    0.9167663368489725
  ],
  "val_acc": [
    0.7129909365558912,
    0.7847432024169184,
    0.8270392749244713,
    0.8425226586102719,
    0.8436555891238671,
    0.8485649546827795,
    0.8395015105740181,
    0.8561178247734139,
    0.850453172205438,
    0.8670694864048338,
    0.8587613293051359,
    0.870845921450151,
    0.870845921450151,
    0.8783987915407855,
    0.8629154078549849,
    0.8795317220543807,
    0.8821752265861027,
    0.8825528700906344,
    0.8844410876132931,
    0.8810422960725075,
    0.8882175226586103,
    0.8825528700906344,
    0.8889728096676737,
    0.8912386706948641,
    0.8882175226586103,
    0.8878398791540786,
    0.8836858006042296,
    0.8878398791540786,
    0.8836858006042296
  ],
  "train_f1": [
    0.7033157866174635,
    0.7902037277850021,
    0.8112859468258274,
    0.830585834720507,
    0.8399913625566833,
    0.8521221951878886,
    0.8541689138172797,
    0.8613359231682314,
    0.8667679288271672,
    0.8713541386904442,
    0.876548529570182,
    0.8791339006786599,
    0.8860636750525238,
    0.8850271695270888,
    0.8879398886426293,
    0.8907399394201644,
    0.8933521004763967,
    0.8962727223690599,
    0.8989773280666631,
    0.902473269251539,
    0.9036781361233955,
    0.9041466183705466,
    0.9069465483661545,
    0.9108642644269845,
    0.9129704847007852,
    0.9129002645931206,
    0.9133892345144712,
    0.9133525039335901,
    0.917220870505542
  ],
  "val_f1": [
    0.7984084880636605,
    0.8401570386988222,
    0.8656891495601173,
    0.8706174371703382,
    0.8777318369757826,
    0.8737802958766132,
    0.8779086469405343,
    0.8854824165915239,
    0.8852173913043478,
    0.8947997609085475,
    0.8897405660377359,
    0.8972972972972973,
    0.8938547486033519,
    0.9009230769230769,
    0.8955395683453238,
    0.902714242146996,
    0.9063063063063063,
    0.9066906690669067,
    0.9057881773399015,
    0.9004739336492891,
    0.9119047619047619,
    0.9056145675265553,
    0.9108009708737864,
    0.9128856624319419,
    0.9088669950738916,
    0.9105152154263332,
    0.9046439628482972,
    0.9076205287713841,
    0.9031446540880503
  ],
  "learning_rates": [
    0.0005,
    0.0005,
    0.0005,
    0.0005,
    0.0005,
    0.0005,
    0.0005,
    0.0005,
    0.0005,
    0.0005,
    0.0005,
    0.0005,
    0.0005,
    0.0005,
    0.0005,
    0.0005,
    0.0005,
    0.0005,
    0.0005,
    0.0005,
    0.0005,
    0.0005,
    0.0005,
    0.0005,
    0.0005,
    0.0005,
    0.0005,
    0.0005,
    0.0005
  ],
  "epoch_times": [
    257.19129180908203,
    249.57403469085693,
    254.87501883506775,
    248.32741117477417,
    249.77249789237976,
    253.24192094802856,
    246.80114793777466,
    250.7452735900879,
    252.57908964157104,
    252.31089067459106,
    248.86451983451843,
    253.21365451812744,
    254.36434483528137,
    254.60137271881104,
    254.3410999774933,
    247.21739435195923,
    252.92557883262634,
    250.72192645072937,
    255.50969052314758,
    247.6862473487854,
    253.51991534233093,
    251.0636384487152,
    253.13574647903442,
    257.084596157074,
    254.23505067825317,
    253.07952451705933,
    252.4596335887909,
    251.49079990386963,
    251.29716229438782
  ]
}