{
  "overall": {
    "accuracy": 0.868332576101772,
    "precision": 0.9145913714486146,
    "recall": 0.8442609681074955,
    "f1": 0.8780200353565115
  },
  "per_class": {
    "Negative": {
      "precision": 0.8185932491042806,
      "recall": 0.8991300745650372,
      "f1": 0.8569736452472608,
      "support": 4828.0
    },
    "Positive": {
      "precision": 0.9145913714486146,
      "recall": 0.8442609681074955,
      "f1": 0.8780200353565115,
      "support": 6177.0
    }
  },
  "confusion_matrix": [
    [
      4341,
      487
    ],
    [
      962,
      5215
    ]
  ],
  "classification_report": "              precision    recall  f1-score   support\n\n    Negative       0.82      0.90      0.86      4828\n    Positive       0.91      0.84      0.88      6177\n\n    accuracy                           0.87     11005\n   macro avg       0.87      0.87      0.87     11005\nweighted avg       0.87      0.87      0.87     11005\n"
}