{
  "train_loss": [
    0.515133332824453,
    0.40765242400578444,
    0.38818532765734726,
    0.3811606006951802,
    0.3523913607693138,
    0.3390215853186837,
    0.3284310753596688,
    0.3168347694179837,
    0.3114289770868274,
    0.30533856933785997,
    0.29276578008279575,
    0.2896431873363037,
    0.28459865813982727,
    0.2797636503423182,
    0.2734724282181443,
    0.26797435460135227,
    0.2632220705977805,
    0.2583723912015355,
    0.2501360094844096,
    0.24683053651698014,
    0.24310366094689195,
    0.2424826144190266,
    0.2322536491467614,
    0.23060064418939089,
    0.22617541364551796,
    0.2234861602423644,
    0.2194727105061697,
    0.21225544859549786,
    0.20555767453895052
  ],
  "val_loss": [
    0.5068404494455574,
    0.4471538423861622,
    0.4382196873696549,
    0.4148113493472788,
    0.3630946156121453,
    0.3956211795889719,
    0.34193305410107094,
    0.33343616681696786,
    0.32024464844036676,
    0.31813555285109496,
    0.30296801138680507,
    0.3023817103885092,
    0.3050657962294144,
    0.2950426893381914,
    0.2914956909382091,
    0.2836125712740457,
    0.3323992491443712,
    0.2748567491229567,
    0.30032773676055435,
    0.2788374391567311,
    0.2677601409732755,
    0.2673273925244628,
    0.2696025888365201,
    0.26285312304503966,
    0.267580667291163,
    0.32086080970000647,
    0.2690029918157082,
    0.2666015549818915,
    0.2635640987051578
  ],
  "train_acc": [
    0.72300750244645,
    0.8015113624007829,
    0.8153202131129716,
    0.8239099706426009,
    0.8347287158856149,
    0.844514515602914,
    0.8496792432314886,
    0.8601174295966076,
    0.8602261607045776,
    0.8634337283896923,
    0.8708274437316517,
    0.8714798303794715,
    0.8744155702946613,
    0.8814830923127107,
    0.8800695879091008,
    0.8834402522561705,
    0.8836033489181255,
    0.8855605088615853,
    0.8930629553115146,
    0.8957812330107644,
    0.8954550396868544,
    0.8979558551701642,
    0.9029574861367837,
    0.9035555072306187,
    0.9052408394041536,
    0.9036642383385887,
    0.9066543438077634,
    0.9121996303142329,
    0.9142655213656627
  ],
  "val_acc": [
    0.7564199395770392,
    0.7983383685800605,
    0.7813444108761329,
    0.8013595166163142,
    0.8512084592145015,
    0.8081570996978852,
    0.8580060422960725,
    0.8542296072507553,
    0.8659365558912386,
    0.8655589123867069,
    0.8685800604229608,
    0.8768882175226587,
    0.8678247734138973,
    0.8780211480362538,
    0.8825528700906344,
    0.8833081570996979,
    0.850453172205438,
    0.8867069486404834,
    0.8700906344410876,
    0.8806646525679759,
    0.8859516616314199,
    0.8851963746223565,
    0.8882175226586103,
    0.8904833836858006,
    0.8889728096676737,
    0.8678247734138973,
    0.8874622356495468,
    0.8855740181268882,
    0.8878398791540786
  ],
  "train_f1": [
    0.7277293859883504,
    0.8011762783858847,
    0.816744888601176,
    0.821886169920264,
    0.8354087709799675,
    0.846120736037878,
    0.8505162999405309,
    0.8611815484219045,
    0.8619745530681269,
    0.8646259969821082,
    0.8717339667458432,
    0.8717726187893252,
    0.8753372908796546,
    0.881957981373186,
    0.8805242634315424,
    0.8835668513087868,
    0.8840509071215814,
    0.8863943008257327,
    0.8935893968082229,
    0.8964623278422901,
    0.8962950978806018,
    0.8989066623579469,
    0.9036229145294531,
    0.9041702679343129,
    0.9053900016283993,
    0.9039358126423073,
    0.907274396500513,
    0.9128581449306642,
    0.9147982062780269
  ],
  "val_f1": [
    0.77933629832364,
    0.8248031496062992,
    0.7966280295047419,
    0.8203551912568307,
    0.8780185758513932,
    0.826027397260274,
    0.8842364532019704,
    0.8845002992220228,
    0.8914704983185571,
    0.889372280919826,
    0.896797153024911,
    0.900609756097561,
    0.8976608187134503,
    0.9020321504397938,
    0.9059001512859304,
    0.9057639524245197,
    0.8685258964143426,
    0.9098015634395671,
    0.8892466194462331,
    0.9057841383422779,
    0.9084848484848485,
    0.9075425790754258,
    0.9116945107398569,
    0.912227602905569,
    0.9109630526953362,
    0.9004550625711035,
    0.9114676173499703,
    0.9083761717568793,
    0.9088677508438171
  ],
  "learning_rates": [
    0.0005,
    0.0005,
    0.0005,
    0.0005,
    0.0005,
    0.0005,
    0.0005,
    0.0005,
    0.0005,
    0.0005,
    0.0005,
    0.0005,
    0.0005,
    0.0005,
    0.0005,
    0.0005,
    0.0005,
    0.0005,
    0.0005,
    0.0005,
    0.0005,
    0.0005,
    0.0005,
    0.0005,
    0.0005,
    0.0005,
    0.0005,
    0.00025,
    0.00025
  ],
  "epoch_times": [
    438.6120779514313,
    428.5853621959686,
    432.8068127632141,
    431.83980989456177,
    429.76052594184875,
    426.1238343715668,
    413.13977313041687,
    408.81352615356445,
    412.31715750694275,
    418.2436864376068,
    422.70929050445557,
    418.43651938438416,
    415.64211320877075,
    417.11961936950684,
    429.56335616111755,
    429.595584154129,
    435.10727047920227,
    448.00577044487,
    432.26411604881287,
    414.18238592147827,
    432.0208640098572,
    418.21223878860474,
    416.05533933639526,
    413.65092611312866,
    418.2431015968323,
    415.8724138736725,
    433.8768527507782,
    434.93086099624634,
    443.77481269836426
  ]
}