{
  "overall": {
    "accuracy": 0.869332121762835,
    "precision": 0.8952460383653045,
    "recall": 0.8688683827100534,
    "f1": 0.8818600065724614
  },
  "per_class": {
    "Negative": {
      "precision": 0.8383233532934131,
      "recall": 0.8699254349627175,
      "f1": 0.8538320796909941,
      "support": 4828.0
    },
    "Positive": {
      "precision": 0.8952460383653045,
      "recall": 0.8688683827100534,
      "f1": 0.8818600065724614,
      "support": 6177.0
    }
  },
  "confusion_matrix": [
    [
      4200,
      628
    ],
    [
      810,
      5367
    ]
  ],
  "classification_report": "              precision    recall  f1-score   support\n\n    Negative       0.84      0.87      0.85      4828\n    Positive       0.90      0.87      0.88      6177\n\n    accuracy                           0.87     11005\n   macro avg       0.87      0.87      0.87     11005\nweighted avg       0.87      0.87      0.87     11005\n"
}