{
  "train_loss": [
    0.5464831900017229,
    0.4272034089792367,
    0.39015399852342886,
    0.37460448723896,
    0.35359249526072395,
    0.33337738812844675,
    0.32078993155202673,
    0.3118910267357724,
    0.2991337566268409,
    0.29077697747736453,
    0.2826162669319581,
    0.2772031334174435,
    0.26648006702851146,
    0.2679031048149496,
    0.26303107872713877,
    0.2500775565858171,
    0.24995652112388425,
    0.23717718572153584,
    0.23715735049050463,
    0.23211937663191437,
    0.22756561466477623,
    0.224915065142698,
    0.2247862089253177,
    0.2157211558506698,
    0.20938931344461995,
    0.2128416949633387,
    0.21283858813198803,
    0.19957215656103408,
    0.19710213182328173
  ],
  "val_loss": [
    0.5412675898600922,
    0.49682409660693744,
    0.42940396844800505,
    0.4103493283522453,
    0.39642914139252056,
    0.3901198589189535,
    0.36429317480127615,
    0.35671490736958483,
    0.3451185855800652,
    0.3489114809612493,
    0.3195999381315312,
    0.3181964627655611,
    0.32123060236344525,
    0.31914497070082004,
    0.3220404891629233,
    0.2960568428759849,
    0.30455556804499956,
    0.2852099903400571,
    0.29738414895318427,
    0.33218668315705935,
    0.28443146796384966,
    0.2791621431123094,
    0.2746257191788394,
    0.2839854893997717,
    0.27960457686571194,
    0.2673619118972127,
    0.2661333660344703,
    0.273545744961122,
    0.26884217461250337
  ],
  "train_acc": [
    0.7057192562792215,
    0.7915624660215288,
    0.8120582798738719,
    0.8280961182994455,
    0.8379362835707296,
    0.8479395455039687,
    0.8531586386865282,
    0.8620202239860825,
    0.8690877460041317,
    0.8732738936609764,
    0.8762096335761661,
    0.8807219745569207,
    0.8856148744155703,
    0.8841470044579754,
    0.88865934543873,
    0.8915407197999348,
    0.8936066108513646,
    0.900945960639339,
    0.899586821789714,
    0.9018701750570838,
    0.9044797216483635,
    0.9062194193758835,
    0.9039904316624986,
    0.910623029248668,
    0.9119821680982929,
    0.911112319234533,
    0.910568663694683,
    0.9192671523322823,
    0.9185604001304774
  ],
  "val_acc": [
    0.7390483383685801,
    0.7398036253776435,
    0.8191087613293051,
    0.8236404833836858,
    0.8485649546827795,
    0.8515861027190332,
    0.8512084592145015,
    0.8538519637462235,
    0.8561178247734139,
    0.8670694864048338,
    0.8666918429003021,
    0.8685800604229608,
    0.8712235649546828,
    0.8727341389728097,
    0.8557401812688822,
    0.8757552870090635,
    0.8829305135951662,
    0.8802870090634441,
    0.8833081570996979,
    0.8523413897280967,
    0.8855740181268882,
    0.8855740181268882,
    0.8836858006042296,
    0.8859516616314199,
    0.8859516616314199,
    0.8810422960725075,
    0.8836858006042296,
    0.8829305135951662,
    0.8848187311178247
  ],
  "train_f1": [
    0.7038354215680911,
    0.7936046511627907,
    0.8129430225637141,
    0.8292472189221298,
    0.8403919258981635,
    0.8489496138683372,
    0.8548863697415785,
    0.8626177330302046,
    0.8706211046636578,
    0.8747245660235395,
    0.8775872264931993,
    0.8816612729234089,
    0.8865890470030185,
    0.8851398695628739,
    0.8892374256354786,
    0.8922262438550052,
    0.8945865876649609,
    0.9015667206915181,
    0.9002107083040682,
    0.9022898283982028,
    0.9051961366211623,
    0.9065395242997237,
    0.9047773104712606,
    0.9111255270840091,
    0.9124912166909896,
    0.9117504183084147,
    0.9109992966509766,
    0.9196472052378118,
    0.918991996539044
  ],
  "val_f1": [
    0.8064967796135536,
    0.8195862791306625,
    0.8629470672389127,
    0.8663805436337625,
    0.8824391673995896,
    0.8790397045244691,
    0.8826682549136391,
    0.8878585917125471,
    0.8894049346879536,
    0.8936555891238671,
    0.890406705991928,
    0.8923267326732673,
    0.8916428344455036,
    0.8949173682569379,
    0.8914155770324048,
    0.9019374068554397,
    0.9057177615571776,
    0.9052316890881913,
    0.90495232236235,
    0.8697100966344552,
    0.9074809160305344,
    0.907537381751602,
    0.9055793991416309,
    0.908816425120773,
    0.9082624544349939,
    0.9048050770625566,
    0.905463474524248,
    0.9031855090568395,
    0.9045980606818893
  ],
  "learning_rates": [
    0.0005,
    0.0005,
    0.0005,
    0.0005,
    0.0005,
    0.0005,
    0.0005,
    0.0005,
    0.0005,
    0.0005,
    0.0005,
    0.0005,
    0.0005,
    0.0005,
    0.0005,
    0.0005,
    0.0005,
    0.0005,
    0.0005,
    0.0005,
    0.0005,
    0.0005,
    0.0005,
    0.0005,
    0.0005,
    0.0005,
    0.0005,
    0.0005,
    0.0005
  ],
  "epoch_times": [
    57.03140306472778,
    63.857489347457886,
    57.30824017524719,
    57.8492865562439,
    58.14262914657593,
    58.54968333244324,
    58.3749041557312,
    59.140024185180664,
    58.97602391242981,
    59.368844747543335,
    59.17704105377197,
    59.001599073410034,
    59.12477207183838,
    59.40308094024658,
    60.251930475234985,
    59.636791706085205,
    59.17806386947632,
    60.00590991973877,
    60.20611548423767,
    57.70616841316223,
    58.429086685180664,
    60.725236654281616,
    62.24429631233215,
    59.19070029258728,
    59.493534326553345,
    59.402374267578125,
    58.972700357437134,
    60.70188784599304,
    63.74254894256592
  ]
}