{
  "overall": {
    "accuracy": 0.8682417083144025,
    "precision": 0.9128384279475983,
    "recall": 0.8460417678484702,
    "f1": 0.8781717358427155
  },
  "per_class": {
    "Negative": {
      "precision": 0.8198863636363637,
      "recall": 0.8966445733222866,
      "f1": 0.8565492679066087,
      "support": 4828.0
    },
    "Positive": {
      "precision": 0.9128384279475983,
      "recall": 0.8460417678484702,
      "f1": 0.8781717358427155,
      "support": 6177.0
    }
  },
  "confusion_matrix": [
    [
      4329,
      499
    ],
    [
      951,
      5226
    ]
  ],
  "classification_report": "              precision    recall  f1-score   support\n\n    Negative       0.82      0.90      0.86      4828\n    Positive       0.91      0.85      0.88      6177\n\n    accuracy                           0.87     11005\n   macro avg       0.87      0.87      0.87     11005\nweighted avg       0.87      0.87      0.87     11005\n"
}