{
  "train_loss": [
    0.5880420586540469,
    0.4756386371192498,
    0.37485541735440286,
    0.28822154163751407,
    0.22651363811525596,
    0.18094310805096972,
    0.13776135480308527,
    0.10503664860951759,
    0.08609184158257605,
    0.05750617294777076
  ],
  "val_loss": [
    0.5341762901238134,
    0.5245505511140752,
    0.39809878451686026,
    0.4298674534192588,
    0.3033432909917158,
    0.3479846263329262,
    0.44373446159524205,
    0.39887879897368433,
    0.43949468216871257,
    0.45941458956060316
  ],
  "train_acc": [
    0.6700111482720178,
    0.7680503639582923,
    0.8331038100859073,
    0.8805823332677553,
    0.9121909633418585,
    0.9318643845498066,
    0.9489802610007213,
    0.9617024067151945,
    0.9708833366122369,
    0.9809167814282904
  ],
  "val_acc": [
    0.7436849925705795,
    0.7358841010401189,
    0.8202080237741456,
    0.8410104011887073,
    0.8777860326894502,
    0.8673848439821694,
    0.8584695393759286,
    0.87555720653789,
    0.8774145616641902,
    0.8848439821693908
  ],
  "train_f1": [
    0.7394366197183099,
    0.8126291253906871,
    0.8634583400397017,
    0.9035844760946683,
    0.9288862924212651,
    0.945093272736881,
    0.9588272650296359,
    0.9690612417885145,
    0.9765004763416958,
    0.9845974699624199
  ],
  "val_f1": [
    0.7967000589275192,
    0.7439683111271156,
    0.8444730077120822,
    0.8622021893110109,
    0.9014675052410901,
    0.8909923664122137,
    0.8793158061450744,
    0.9016730261226886,
    0.9003021148036254,
    0.9076831447290054
  ],
  "learning_rates": [
    0.001,
    0.001,
    0.001,
    0.001,
    0.001,
    0.001,
    0.001,
    0.001,
    0.0005,
    0.0005
  ],
  "epoch_times": [
    334.9184181690216,
    331.71517848968506,
    328.3418996334076,
    322.7802081108093,
    330.672415971756,
    326.3847727775574,
    320.98970222473145,
    317.3343894481659,
    315.6365416049957,
    317.71319341659546
  ]
}