{
  "train_loss": [
    0.6194680725893307,
    0.49472816554354104,
    0.4515162535661826,
    0.4286732866487082,
    0.4220759814511631,
    0.4118178682228585,
    0.3939481027116936,
    0.3813119684824314,
    0.3790103675289678,
    0.358861392397551,
    0.3614209904508941,
    0.3388536456707421,
    0.34059909084618256,
    0.34124816862263774,
    0.3222714123178115,
    0.3170131659147017,
    0.3255707223653905,
    0.30573710543365784,
    0.2941038605313154,
    0.2910283317106975,
    0.2848251279221768,
    0.28677030051619834,
    0.2780888680775134,
    0.27560301168055673,
    0.2812656703721855
  ],
  "val_loss": [
    0.57506532467384,
    0.48756694856727234,
    0.42379968836228293,
    0.4167871670600511,
    0.43808655877487895,
    0.3734570413917933,
    0.407368713545295,
    0.37604205152779546,
    0.37938191226241813,
    0.35586415109677616,
    0.3391748998100304,
    0.33326881358630706,
    0.3395745243730862,
    0.35756368939610045,
    0.3165472860242665,
    0.3061118625622141,
    0.3514619565982473,
    0.31938807832870597,
    0.31944413847793623,
    0.29893714279566647,
    0.3032489492813986,
    0.2995662936811361,
    0.30943314150380946,
    0.2934959266120934,
    0.2887541953350482
  ],
  "train_acc": [
    0.6512030927147904,
    0.7644471105778844,
    0.7895754182496834,
    0.8040391921615677,
    0.8072385522895421,
    0.8129707391854962,
    0.8204359128174366,
    0.8308338332333534,
    0.828500966473372,
    0.8416983270012665,
    0.8374991668333001,
    0.8532960074651736,
    0.8460974471772312,
    0.8513630607211891,
    0.8602946077451177,
    0.8650936479370792,
    0.8604945677531161,
    0.8692261547690462,
    0.8713590615210292,
    0.8736919282810105,
    0.8770245950809838,
    0.8767579817369859,
    0.8824235152969406,
    0.8836899286809304,
    0.8818236352729454
  ],
  "val_acc": [
    0.6899546827794562,
    0.7956948640483383,
    0.823262839879154,
    0.8413897280966768,
    0.7964501510574018,
    0.8462990936555891,
    0.8058912386706949,
    0.854607250755287,
    0.8561178247734139,
    0.8598942598187311,
    0.8648036253776435,
    0.8685800604229608,
    0.8595166163141994,
    0.8542296072507553,
    0.8746223564954683,
    0.879154078549849,
    0.851963746223565,
    0.8666918429003021,
    0.8693353474320241,
    0.8836858006042296,
    0.8799093655589124,
    0.8836858006042296,
    0.8697129909365559,
    0.881797583081571,
    0.8821752265861027
  ],
  "train_f1": [
    0.5917778297839145,
    0.7509864712514093,
    0.7843726521412472,
    0.8040522527326046,
    0.8048582995951417,
    0.8082809510795299,
    0.8175538399024787,
    0.8289526890416499,
    0.8264652323463951,
    0.8399056285810583,
    0.8348014636129557,
    0.8513741643595111,
    0.8464045765981507,
    0.849487041036717,
    0.8590450571620712,
    0.8628912071535022,
    0.8606060606060606,
    0.8666576050020389,
    0.8704524097194254,
    0.8747438693899134,
    0.8768111103692329,
    0.879300215418761,
    0.883008356545961,
    0.8833166165162153,
    0.8802755081369438
  ],
  "val_f1": [
    0.6900717251793129,
    0.8185172760818518,
    0.8591210114388922,
    0.8693217174859987,
    0.8144578313253013,
    0.8807500732493407,
    0.8226363008971704,
    0.8809891808346213,
    0.8874446085672083,
    0.887062404870624,
    0.8930704898446834,
    0.890634820867379,
    0.8916083916083916,
    0.8731097961867192,
    0.8957940991839297,
    0.9006828057107387,
    0.8706270627062707,
    0.8860187278010978,
    0.8880258899676375,
    0.9069486404833836,
    0.8992395437262357,
    0.9024081115335868,
    0.8880960103795005,
    0.9044274809160305,
    0.9033457249070632
  ],
  "learning_rates": [
    0.0005,
    0.0005,
    0.0005,
    0.0005,
    0.0005,
    0.0005,
    0.0005,
    0.0005,
    0.0005,
    0.0005,
    0.0005,
    0.0005,
    0.0005,
    0.0005,
    0.0005,
    0.0005,
    0.0005,
    0.0005,
    0.0005,
    0.0005,
    0.0005,
    0.0005,
    0.0005,
    0.0005,
    0.0005
  ],
  "epoch_times": [
    69.39786005020142,
    67.47308564186096,
    68.52670073509216,
    68.94389343261719,
    68.90157532691956,
    68.0897068977356,
    68.26047563552856,
    67.31545925140381,
    67.56482529640198,
    66.97194290161133,
    66.09130430221558,
    67.04432153701782,
    67.15245747566223,
    67.82604837417603,
    66.7474856376648,
    68.36383581161499,
    67.72885823249817,
    68.057208776474,
    68.55559587478638,
    67.66559863090515,
    68.22564625740051,
    67.18201208114624,
    67.5777690410614,
    68.37370491027832,
    67.17184829711914
  ]
}