{
  "train_loss": [
    0.5544608905125639,
    0.4525098887827003,
    0.42532749753860566,
    0.4059556795907329,
    0.3865532717867313,
    0.3666234253456609,
    0.34712545907476666,
    0.34149208297752304,
    0.33382501192062825,
    0.32435523342461486,
    0.3251077641031334,
    0.3142852097347896,
    0.3087476035868641,
    0.30390659701802153,
    0.3035924526204282,
    0.30025979347678516,
    0.29981432627488364,
    0.29451965004921843,
    0.2888772626558024,
    0.2887122202460061,
    0.2851402448307785,
    0.28395089314944905,
    0.2791640840789164,
    0.27725391189397725,
    0.27890163577094185,
    0.2784662646250296,
    0.26531597418773173,
    0.25980343302268105,
    0.2583118235564587,
    0.25859582810748255
  ],
  "val_loss": [
    0.6282004904891069,
    0.4904808367847316,
    0.4802148724790786,
    0.4653798758623463,
    0.3985536696327417,
    0.43258980744915065,
    0.39766128212663704,
    0.3739205597930804,
    0.3949628536254618,
    0.35644153660877953,
    0.3630724337255847,
    0.3670007703527583,
    0.3395817093888798,
    0.34264563474230175,
    0.35190868656800955,
    0.331284212516874,
    0.36095792662881293,
    0.3270825727918717,
    0.34856557247321773,
    0.3275919093826386,
    0.33244887962262076,
    0.3218189365824184,
    0.35634011669461463,
    0.3362078693247994,
    0.3252758810977561,
    0.3430521438219036,
    0.3225773338824961,
    0.327747283655351,
    0.3149724618455795,
    0.3084953854541404
  ],
  "train_acc": [
    0.6934870066325975,
    0.7742198543003154,
    0.7879743394585191,
    0.8067848211373274,
    0.8184734152441013,
    0.8282592149614004,
    0.8389692290964444,
    0.844786343372839,
    0.8471240621941938,
    0.8560400130477329,
    0.8495161465695336,
    0.8582146352071328,
    0.8613678373382625,
    0.8658801783190171,
    0.8639230183755573,
    0.8686528215722519,
    0.8679460693704469,
    0.8711536370555616,
    0.8712080026095466,
    0.8749592258345112,
    0.8745243014026313,
    0.8733826247689463,
    0.8770794824399261,
    0.878058062411656,
    0.878221159073611,
    0.8768076546700011,
    0.8835489833641405,
    0.8879525932369251,
    0.8882244210068501,
    0.88909426987061
  ],
  "val_acc": [
    0.6540785498489426,
    0.7401812688821753,
    0.7398036253776435,
    0.7654833836858006,
    0.8334592145015106,
    0.7737915407854985,
    0.822129909365559,
    0.8372356495468278,
    0.7972054380664653,
    0.8372356495468278,
    0.8523413897280967,
    0.8334592145015106,
    0.8515861027190332,
    0.8436555891238671,
    0.8379909365558912,
    0.8602719033232629,
    0.8496978851963746,
    0.8561178247734139,
    0.8429003021148036,
    0.8632930513595166,
    0.8549848942598187,
    0.8538519637462235,
    0.8304380664652568,
    0.8496978851963746,
    0.8580060422960725,
    0.8508308157099698,
    0.8655589123867069,
    0.854607250755287,
    0.861404833836858,
    0.8663141993957704
  ],
  "train_f1": [
    0.6903218719103592,
    0.7755256472623101,
    0.7878359264497878,
    0.807392152612183,
    0.8208787082238077,
    0.8294920926215793,
    0.8412136807119116,
    0.8466620119233041,
    0.8485892741761792,
    0.8576037857603785,
    0.8507816711590297,
    0.8584608705090633,
    0.8636655260906758,
    0.8667710752281688,
    0.8652344801593711,
    0.8695746059166487,
    0.8693032015065913,
    0.8721131016619901,
    0.8726412558464599,
    0.8763041841454232,
    0.8758338713148268,
    0.8749127235619528,
    0.8781329165094593,
    0.8790509571313022,
    0.8786565547128927,
    0.8782636725045665,
    0.8845158507655811,
    0.8891995054029354,
    0.8894742500806365,
    0.8903461621156741
  ],
  "val_f1": [
    0.7776699029126214,
    0.8167288225892382,
    0.820899402131531,
    0.8354966887417219,
    0.8695652173913043,
    0.8399679401549559,
    0.8682517482517482,
    0.8763271162123386,
    0.8540364229410166,
    0.8771029369831765,
    0.8763049667826637,
    0.8754589099124541,
    0.8859878154917319,
    0.8806228373702422,
    0.8780903665814151,
    0.8873325213154689,
    0.8738110336081166,
    0.8847201210287443,
    0.8794901506373117,
    0.8876474239602731,
    0.8850987432675045,
    0.884787139029473,
    0.87319966111268,
    0.8762437810945274,
    0.8888231815493791,
    0.8701085169352186,
    0.8931572629051621,
    0.8885027512308138,
    0.8895576286488113,
    0.8922702373706635
  ],
  "learning_rates": [
    0.0005,
    0.0005,
    0.0005,
    0.0005,
    0.0005,
    0.0005,
    0.0005,
    0.0005,
    0.0005,
    0.0005,
    0.0005,
    0.0005,
    0.0005,
    0.0005,
    0.0005,
    0.0005,
    0.0005,
    0.0005,
    0.0005,
    0.0005,
    0.0005,
    0.0005,
    0.0005,
    0.0005,
    0.0005,
    0.00025,
    0.00025,
    0.00025,
    0.00025,
    0.00025
  ],
  "epoch_times": [
    57.99519991874695,
    59.466808557510376,
    59.464869260787964,
    59.70157480239868,
    59.36081337928772,
    59.96642470359802,
    59.57075619697571,
    60.34348273277283,
    59.85680794715881,
    60.20052528381348,
    59.815526723861694,
    59.48634672164917,
    58.82906246185303,
    58.923659563064575,
    59.57404708862305,
    58.67709398269653,
    59.523993492126465,
    59.51129364967346,
    60.128230810165405,
    58.44404053688049,
    59.131972312927246,
    59.37292838096619,
    59.59579658508301,
    59.58850836753845,
    60.75921607017517,
    60.01843857765198,
    59.41897392272949,
    59.683693408966064,
    58.60450053215027,
    59.85209012031555
  ]
}