{
  "overall": {
    "accuracy": 0.8417991821899137,
    "precision": 0.8464542330521712,
    "recall": 0.877286708758297,
    "f1": 0.8615947213609985
  },
  "per_class": {
    "Negative": {
      "precision": 0.8353247881816207,
      "recall": 0.7963960231980116,
      "f1": 0.8153960343547874,
      "support": 4828.0
    },
    "Positive": {
      "precision": 0.8464542330521712,
      "recall": 0.877286708758297,
      "f1": 0.8615947213609985,
      "support": 6177.0
    }
  },
  "confusion_matrix": [
    [
      3845,
      983
    ],
    [
      758,
      5419
    ]
  ],
  "classification_report": "              precision    recall  f1-score   support\n\n    Negative       0.84      0.80      0.82      4828\n    Positive       0.85      0.88      0.86      6177\n\n    accuracy                           0.84     11005\n   macro avg       0.84      0.84      0.84     11005\nweighted avg       0.84      0.84      0.84     11005\n"
}