{
  "train_loss": [
    0.5124988306037911,
    0.40449201187076966,
    0.38397221815991794,
    0.3630357694953787,
    0.3482972168722813,
    0.33544237601105076,
    0.3245107753161206,
    0.3172582314917092,
    0.30875965064668753,
    0.3064093244384265,
    0.2860048617586385,
    0.28685417331611773,
    0.27839103067933546,
    0.27281860745872144,
    0.27085954482962127,
    0.26707051909072277,
    0.2589542935357815,
    0.2562489073484167,
    0.2538395735139599,
    0.24929821214183875,
    0.23804936382781428,
    0.24103362743907925,
    0.23322856461559804,
    0.21985808170086743,
    0.21416849488666087,
    0.21612590234947424,
    0.21392435654455053,
    0.20775038719086514,
    0.20080024999769613,
    0.2009269622252456
  ],
  "val_loss": [
    0.5180470968661351,
    0.4131232359168033,
    0.40226837947649535,
    0.4033381030908884,
    0.35359363505487357,
    0.37156830412923747,
    0.329454764813815,
    0.3478697214692021,
    0.331464127854098,
    0.3265592767842947,
    0.2958432478757063,
    0.29857074660657035,
    0.29656474346300626,
    0.30154577514376163,
    0.2913206492936143,
    0.28884423692961114,
    0.3218581545929174,
    0.2756118897314878,
    0.27386172241854884,
    0.2743872593176689,
    0.27462865358212923,
    0.2755848262965499,
    0.2773836645835116,
    0.25827662421677405,
    0.262144973585973,
    0.265182589611258,
    0.2635804701517716,
    0.26102130920865385,
    0.26115878399045084,
    0.26281748383426956
  ],
  "train_acc": [
    0.7228987713384799,
    0.8062411655974775,
    0.8164618897466566,
    0.8303794715668152,
    0.8386430357725345,
    0.8469609655322388,
    0.8518538653908884,
    0.856148744155703,
    0.8621289550940524,
    0.8648472327933021,
    0.8750135913884962,
    0.8741981080787213,
    0.8807219745569207,
    0.8829509622703056,
    0.8834946178101555,
    0.8854517777536153,
    0.88833315211482,
    0.8882244210068501,
    0.8899641187343699,
    0.8958899641187343,
    0.8978471240621942,
    0.898988800695879,
    0.9013265195172339,
    0.9081222137653583,
    0.9115472436664129,
    0.910731760356638,
    0.911057953680548,
    0.9133956725019028,
    0.9160052190931826,
    0.9168750679569425
  ],
  "val_acc": [
    0.7250755287009063,
    0.8194864048338368,
    0.8160876132930514,
    0.8115558912386707,
    0.8530966767371602,
    0.8330815709969789,
    0.8659365558912386,
    0.8379909365558912,
    0.8534743202416919,
    0.8587613293051359,
    0.8765105740181269,
    0.872356495468278,
    0.870845921450151,
    0.8700906344410876,
    0.8780211480362538,
    0.8806646525679759,
    0.8598942598187311,
    0.8821752265861027,
    0.8874622356495468,
    0.8851963746223565,
    0.8821752265861027,
    0.8825528700906344,
    0.8787764350453172,
    0.8901057401812689,
    0.8904833836858006,
    0.8874622356495468,
    0.8919939577039275,
    0.8912386706948641,
    0.8923716012084593,
    0.8840634441087614
  ],
  "train_f1": [
    0.7297311628400234,
    0.8054585152838428,
    0.8187869028448739,
    0.8297872340425532,
    0.838713183349636,
    0.8479611126113962,
    0.8535024998655987,
    0.8573431097692473,
    0.8634650586841822,
    0.8657232364696986,
    0.8761781655625572,
    0.8749729846552842,
    0.8817505659157056,
    0.8839415664923724,
    0.8842309977851007,
    0.8865679676985195,
    0.8893914916532041,
    0.8886722980290231,
    0.8905235828645608,
    0.8963127402674752,
    0.8982509340986625,
    0.8992953929539296,
    0.9019501917778618,
    0.9085596796883454,
    0.9120397902362545,
    0.9110894520251246,
    0.9114143383149231,
    0.9135507678949368,
    0.9163281884646629,
    0.9172395128552098
  ],
  "val_f1": [
    0.7354651162790697,
    0.8535539215686274,
    0.8452494439148396,
    0.8348229063224099,
    0.8783994998437011,
    0.8546052631578948,
    0.8914040991128785,
    0.878435817512043,
    0.8747579083279535,
    0.8802816901408451,
    0.9007587253414264,
    0.8998221695317131,
    0.898696682464455,
    0.8992974238875878,
    0.9040689040689041,
    0.9009404388714733,
    0.8783207609052148,
    0.9053398058252428,
    0.9072229140722291,
    0.9076549210206561,
    0.9074183976261128,
    0.9080153800650695,
    0.9056714663532177,
    0.9120048382219534,
    0.9103277674706246,
    0.9105105105105105,
    0.9105691056910569,
    0.913617276544691,
    0.9119555143651529,
    0.9095729013254786
  ],
  "learning_rates": [
    0.0005,
    0.0005,
    0.0005,
    0.0005,
    0.0005,
    0.0005,
    0.0005,
    0.0005,
    0.0005,
    0.0005,
    0.0005,
    0.0005,
    0.0005,
    0.0005,
    0.0005,
    0.0005,
    0.0005,
    0.0005,
    0.0005,
    0.0005,
    0.0005,
    0.0005,
    0.00025,
    0.00025,
    0.00025,
    0.00025,
    0.00025,
    0.000125,
    0.000125,
    0.000125
  ],
  "epoch_times": [
    58.76530408859253,
    58.616554975509644,
    59.617254972457886,
    59.717737913131714,
    60.734270334243774,
    60.123884201049805,
    59.44417905807495,
    58.59354829788208,
    58.55606150627136,
    59.63351488113403,
    58.78985404968262,
    57.69651651382446,
    58.22324895858765,
    59.21955418586731,
    70.21644163131714,
    60.283300161361694,
    59.144866943359375,
    60.09308695793152,
    59.68344807624817,
    60.25198698043823,
    59.38944482803345,
    59.7887179851532,
    58.85544562339783,
    58.48794651031494,
    59.23677897453308,
    59.125048875808716,
    57.776732444763184,
    57.57528305053711,
    57.47719764709473,
    58.374741077423096
  ]
}