{
  "train_loss": [
    0.6089425211722538,
    0.48339426611444436,
    0.45700221174376526,
    0.4360689780699891,
    0.4287095638519048,
    0.40098497948113865,
    0.396642815388974,
    0.3842365627550073,
    0.37444141513703944,
    0.369549484705596,
    0.3579554177866867,
    0.356400304167841,
    0.3459190952812029,
    0.33892741236600576,
    0.33030422362321094,
    0.33526533741375086,
    0.31963884063317827,
    0.3141325557014588,
    0.3025361861275536,
    0.3068383074832552,
    0.3029835959843681,
    0.289807876086208,
    0.2914069471284246,
    0.28797890017773636,
    0.28622494012143207,
    0.2757205595358256,
    0.2774768564384524,
    0.26983705171444317,
    0.26800247350867684,
    0.2646524660715872
  ],
  "val_loss": [
    0.48086640544888476,
    0.41349802033418614,
    0.47052365811569813,
    0.3678334415679252,
    0.3888227032030457,
    0.3859286157026032,
    0.34932959700999305,
    0.3251240383102094,
    0.39643361768333574,
    0.3150058313979123,
    0.30466714195254346,
    0.3799117692827818,
    0.29333343894820196,
    0.35754774776470266,
    0.2986644203929382,
    0.29227294689578953,
    0.28210706851273504,
    0.2827242141944044,
    0.2896405451247339,
    0.30850685966339,
    0.29957990100736703,
    0.27598528532463257,
    0.27715440864289276,
    0.2866776269548249,
    0.2775073788857532,
    0.2968944801844859,
    0.26835390592269665,
    0.26532171256952775,
    0.27174752239374234,
    0.281567429937985
  ],
  "train_acc": [
    0.6576684663067387,
    0.7703126041458375,
    0.7836432713457309,
    0.7989068852896087,
    0.8007731786975938,
    0.8209691395054323,
    0.8230353929214157,
    0.8287009264813704,
    0.8328334333133374,
    0.8323002066253415,
    0.8432980070652536,
    0.8418316336732653,
    0.8497633806572019,
    0.8528294341131774,
    0.8588282343531294,
    0.8522295540891822,
    0.8600946477371192,
    0.8641605012330867,
    0.8712924081850296,
    0.8682930080650536,
    0.8710924481770312,
    0.8793574618409652,
    0.8772245550889822,
    0.8771579017529827,
    0.8779577417849763,
    0.8810237952409518,
    0.88249016863294,
    0.8858228354329134,
    0.8864893687929081,
    0.8896887289208825
  ],
  "val_acc": [
    0.7749244712990937,
    0.8157099697885196,
    0.756797583081571,
    0.834214501510574,
    0.8255287009063444,
    0.8296827794561934,
    0.8481873111782477,
    0.8602719033232629,
    0.8036253776435045,
    0.8625377643504532,
    0.8666918429003021,
    0.8175981873111783,
    0.8719788519637462,
    0.8308157099697885,
    0.8810422960725075,
    0.8761329305135952,
    0.8810422960725075,
    0.8833081570996979,
    0.8765105740181269,
    0.8689577039274925,
    0.8783987915407855,
    0.8870845921450151,
    0.8897280966767371,
    0.8840634441087614,
    0.888595166163142,
    0.8731117824773413,
    0.8908610271903323,
    0.8874622356495468,
    0.8848187311178247,
    0.8825528700906344
  ],
  "train_f1": [
    0.6035813522692189,
    0.7626067787269221,
    0.7812963212505053,
    0.7946361718058675,
    0.7941601818056607,
    0.8179476752067236,
    0.819449166950017,
    0.828024625267666,
    0.8303112313937754,
    0.8308912488237666,
    0.8409874873182279,
    0.8417894526301753,
    0.8481132075471698,
    0.8532110091743119,
    0.8565623730190979,
    0.8527790689952852,
    0.8587958291288261,
    0.8640426951300867,
    0.8718731338331895,
    0.867949746057204,
    0.8736278097229483,
    0.880148324725202,
    0.8769539078156313,
    0.8761507963174517,
    0.8766089359121234,
    0.881795907555791,
    0.881765139829656,
    0.8845609542421996,
    0.8850644529931835,
    0.8888739676358021
  ],
  "val_f1": [
    0.8081133290405667,
    0.8476903870162297,
    0.764102564102564,
    0.8616451307910494,
    0.8470198675496688,
    0.8503153003650846,
    0.8704896907216495,
    0.883133291219204,
    0.8184357541899442,
    0.8927519151443725,
    0.8931274598849531,
    0.8326983027364045,
    0.8959803620742559,
    0.8481355932203389,
    0.9048050770625566,
    0.9008464328899637,
    0.9045165201576235,
    0.9062215477996965,
    0.8991052144399877,
    0.8873742291463811,
    0.8969929622520794,
    0.9073442826154323,
    0.9089207735495946,
    0.9032461393003467,
    0.9071451054453887,
    0.8913324708926261,
    0.9103319888302823,
    0.9093673965936739,
    0.905073140367258,
    0.9009238611022619
  ],
  "learning_rates": [
    0.0005,
    0.0005,
    0.0005,
    0.0005,
    0.0005,
    0.0005,
    0.0005,
    0.0005,
    0.0005,
    0.0005,
    0.0005,
    0.0005,
    0.0005,
    0.0005,
    0.0005,
    0.0005,
    0.0005,
    0.0005,
    0.0005,
    0.0005,
    0.00025,
    0.00025,
    0.00025,
    0.00025,
    0.00025,
    0.000125,
    0.000125,
    0.000125,
    0.000125,
    0.000125
  ],
  "epoch_times": [
    70.19798493385315,
    67.77361822128296,
    66.87090635299683,
    67.38965106010437,
    67.24154281616211,
    68.28414034843445,
    67.35849332809448,
    67.45206809043884,
    67.51250743865967,
    66.72119760513306,
    67.182776927948,
    66.92253088951111,
    66.81173396110535,
    66.71232676506042,
    65.66748046875,
    67.38095045089722,
    66.05487513542175,
    66.22998929023743,
    66.12680506706238,
    66.13911461830139,
    66.14672613143921,
    66.08603024482727,
    67.03403210639954,
    66.22849774360657,
    66.83685636520386,
    66.0192482471466,
    65.96756505966187,
    66.33095526695251,
    68.36018514633179,
    69.44171857833862
  ]
}