{
  "overall": {
    "accuracy": 0.8514311676510677,
    "precision": 0.9241688457228241,
    "recall": 0.8010361016674761,
    "f1": 0.8582083080391987
  },
  "per_class": {
    "Negative": {
      "precision": 0.782516368784286,
      "recall": 0.915907207953604,
      "f1": 0.8439736616089322,
      "support": 4828.0
    },
    "Positive": {
      "precision": 0.9241688457228241,
      "recall": 0.8010361016674761,
      "f1": 0.8582083080391987,
      "support": 6177.0
    }
  },
  "confusion_matrix": [
    [
      4422,
      406
    ],
    [
      1229,
      4948
    ]
  ],
  "classification_report": "              precision    recall  f1-score   support\n\n    Negative       0.78      0.92      0.84      4828\n    Positive       0.92      0.80      0.86      6177\n\n    accuracy                           0.85     11005\n   macro avg       0.85      0.86      0.85     11005\nweighted avg       0.86      0.85      0.85     11005\n"
}