{
  "train_loss": [
    0.6315568985124115,
    0.5297528923507342,
    0.4978929433351134,
    0.48810687058291213,
    0.45225217863534967,
    0.44587574539753166,
    0.4141251816158731,
    0.4024713029108516,
    0.3979777475380861,
    0.385811798679251,
    0.38097323329180294,
    0.3739335407630639,
    0.37364062959096006,
    0.374626544373779,
    0.35579404712819834,
    0.36299940108029294,
    0.3566311826372134,
    0.3476471373166894
  ],
  "val_loss": [
    0.5750314746378412,
    0.4815723439537867,
    0.4709092534380737,
    0.46585497863343117,
    0.43579232575670107,
    0.41801750236767654,
    0.37356431462613476,
    0.3711358469958752,
    0.37420353968698095,
    0.34853956526499863,
    0.3713473829798108,
    0.33199888521811033,
    0.3255758217094168,
    0.34434596712495624,
    0.3701946177151268,
    0.3284736688943788,
    0.3465520992559969,
    0.3346793530030553
  ],
  "train_acc": [
    0.6392721455708859,
    0.7394521095780844,
    0.758248350329934,
    0.7629140838498967,
    0.7894421115776845,
    0.7939745384256482,
    0.8083050056655335,
    0.8210357928414317,
    0.8155702192894755,
    0.8270345930813837,
    0.8297673798573618,
    0.8347663800573218,
    0.8344331133773245,
    0.8342998067053256,
    0.8418316336732653,
    0.840498566953276,
    0.8428314337132573,
    0.8474305138972206
  ],
  "val_acc": [
    0.7447129909365559,
    0.7885196374622356,
    0.8141993957703928,
    0.8172205438066465,
    0.8138217522658611,
    0.8285498489425982,
    0.8481873111782477,
    0.8398791540785498,
    0.8429003021148036,
    0.8583836858006042,
    0.8379909365558912,
    0.8542296072507553,
    0.8625377643504532,
    0.8557401812688822,
    0.8376132930513596,
    0.8651812688821753,
    0.8553625377643505,
    0.8561178247734139
  ],
  "train_f1": [
    0.6022343083933559,
    0.7277665575597186,
    0.7528786536758193,
    0.7529346391609363,
    0.7839409069147117,
    0.792285464686513,
    0.8073677160080375,
    0.8188870151770657,
    0.8142828377743473,
    0.8265953892415636,
    0.8283140629201399,
    0.834612048835813,
    0.8322075114833829,
    0.8337346174424826,
    0.8457989473000195,
    0.8412603648424544,
    0.8431137724550898,
    0.8444232991232243
  ],
  "val_f1": [
    0.7939024390243903,
    0.8242310106716887,
    0.8486153846153847,
    0.8444730077120822,
    0.8535788535788535,
    0.8596165739022882,
    0.8776628119293974,
    0.8601583113456465,
    0.8656330749354005,
    0.8826291079812206,
    0.8570476507830723,
    0.8825319537431527,
    0.890625,
    0.8775641025641026,
    0.8566666666666667,
    0.8888196823419495,
    0.8767299645960733,
    0.8800755429650614
  ],
  "learning_rates": [
    0.0005,
    0.0005,
    0.0005,
    0.0005,
    0.0005,
    0.0005,
    0.0005,
    0.0005,
    0.0005,
    0.0005,
    0.0005,
    0.0005,
    0.0005,
    0.0005,
    0.0005,
    0.0005,
    0.00025,
    0.00025
  ],
  "epoch_times": [
    69.46874928474426,
    68.24773454666138,
    68.94684219360352,
    69.07081842422485,
    68.62332248687744,
    68.27412700653076,
    68.7128357887268,
    67.66092705726624,
    68.65474390983582,
    67.45133209228516,
    67.59027934074402,
    69.04806661605835,
    67.33006644248962,
    66.63885760307312,
    67.81910634040833,
    66.80063939094543,
    67.86708998680115,
    68.66489005088806
  ]
}