{
  "train_loss": [
    0.546519407159779,
    0.452804474059014,
    0.42826826212794233,
    0.40639374065142525,
    0.3871537334176008,
    0.36175524485270666,
    0.35193235521032923,
    0.3370240765141834,
    0.3313901646378067,
    0.32527701750622895,
    0.3206604856297388,
    0.3229391464619866,
    0.31162272819497217,
    0.30448176056337806,
    0.30062012618892253,
    0.29629308069557214,
    0.30040996055817154,
    0.28989048404409484,
    0.2911330179843071,
    0.2869311072838829,
    0.2882944874313975,
    0.28879783749645194,
    0.2804036012930599,
    0.27057542882854035,
    0.26553519675624593,
    0.26840518089796106,
    0.2637202795029879,
    0.26437879944088744,
    0.2545263686296252,
    0.2601154333866976
  ],
  "val_loss": [
    0.5719607791151525,
    0.5209775869579834,
    0.49474035775193276,
    0.41328201409192966,
    0.4450402743326573,
    0.39088076614181083,
    0.3702750260466175,
    0.3588481454510703,
    0.35861911820500997,
    0.35783696885915683,
    0.3613419030818334,
    0.33903549841163383,
    0.3488387875146376,
    0.342833539105254,
    0.3343593352600887,
    0.36559717492214505,
    0.35831378589403956,
    0.33816002678474993,
    0.31978694500339716,
    0.32308595710830745,
    0.32972166585958257,
    0.33496315061505827,
    0.3394007969118677,
    0.3136541364416255,
    0.31661590127966555,
    0.3105595524217427,
    0.32361354140896814,
    0.32136144702888325,
    0.3170314650881326,
    0.30322342161145455
  ],
  "train_acc": [
    0.700010873110797,
    0.7718821354789606,
    0.7928672393171686,
    0.8047189300858976,
    0.8199412852016962,
    0.8324997281722301,
    0.8371751658149397,
    0.8471240621941938,
    0.8476677177340437,
    0.8532130042405132,
    0.8582690007611178,
    0.8537566597803632,
    0.8604436229205176,
    0.8634337283896923,
    0.866206371642927,
    0.866913123844732,
    0.866152006088942,
    0.8719691203653365,
    0.8689246493421768,
    0.8736544525388714,
    0.8728933347830814,
    0.8747961291725562,
    0.8778949657497009,
    0.8798521256931608,
    0.8839839077960204,
    0.8845275633358703,
    0.8861585299554202,
    0.8844731977818854,
    0.88887680765467,
    0.8863216266173752
  ],
  "val_acc": [
    0.6408610271903323,
    0.6944864048338368,
    0.75,
    0.824773413897281,
    0.763595166163142,
    0.8172205438066465,
    0.8368580060422961,
    0.8429003021148036,
    0.8330815709969789,
    0.850453172205438,
    0.8512084592145015,
    0.847809667673716,
    0.8432779456193353,
    0.8459214501510574,
    0.8591389728096677,
    0.8417673716012085,
    0.8583836858006042,
    0.8523413897280967,
    0.8561178247734139,
    0.8572507552870091,
    0.8534743202416919,
    0.8595166163141994,
    0.8496978851963746,
    0.8674471299093656,
    0.8549848942598187,
    0.8640483383685801,
    0.8602719033232629,
    0.8542296072507553,
    0.8693353474320241,
    0.8697129909365559
  ],
  "train_f1": [
    0.7016006921912178,
    0.7753987795739214,
    0.7946091644204851,
    0.8061731059788474,
    0.8214747736093143,
    0.83431029846733,
    0.8392636719798208,
    0.8495452113429641,
    0.8485569127661874,
    0.8548387096774194,
    0.859316820463008,
    0.8551738989986002,
    0.8620263370061811,
    0.8645091693635383,
    0.8679083248349525,
    0.8685990338164251,
    0.8671200345423143,
    0.8726958213957511,
    0.869907732153456,
    0.8749865519096288,
    0.8737035436473639,
    0.8770618694282817,
    0.8795064377682403,
    0.8809780267126238,
    0.884860256825294,
    0.8855356757921966,
    0.8873466752743706,
    0.8855742824834419,
    0.8902019767941556,
    0.887538320873447
  ],
  "val_f1": [
    0.7714491708723864,
    0.7949302915082382,
    0.8266107909900472,
    0.8607442977190877,
    0.8342161016949152,
    0.864501679731243,
    0.8705811863391252,
    0.8749248346361996,
    0.8721804511278195,
    0.8817204301075269,
    0.8744423199490121,
    0.8805217906907797,
    0.881800056963828,
    0.8802816901408451,
    0.8861763808361306,
    0.8594431398859443,
    0.8789932236205228,
    0.8722639660241751,
    0.8869100623330365,
    0.8882318154937907,
    0.886217008797654,
    0.891860465116279,
    0.8855664174813112,
    0.8932806324110671,
    0.8854415274463007,
    0.891566265060241,
    0.890337877889745,
    0.8868698710433763,
    0.8943188759926696,
    0.8951048951048951
  ],
  "learning_rates": [
    0.0005,
    0.0005,
    0.0005,
    0.0005,
    0.0005,
    0.0005,
    0.0005,
    0.0005,
    0.0005,
    0.0005,
    0.0005,
    0.0005,
    0.0005,
    0.0005,
    0.0005,
    0.0005,
    0.0005,
    0.0005,
    0.0005,
    0.0005,
    0.0005,
    0.0005,
    0.00025,
    0.00025,
    0.00025,
    0.00025,
    0.00025,
    0.00025,
    0.00025,
    0.00025
  ],
  "epoch_times": [
    267.69920086860657,
    257.1515929698944,
    257.96022868156433,
    259.97813081741333,
    254.6278932094574,
    259.06294465065,
    256.03217816352844,
    256.61523938179016,
    258.1174855232239,
    261.666042804718,
    259.36907029151917,
    256.87689781188965,
    259.34880685806274,
    253.0031213760376,
    257.6468622684479,
    251.0732102394104,
    257.29671812057495,
    259.8699588775635,
    256.52384638786316,
    254.7048306465149,
    259.21100330352783,
    258.70711278915405,
    258.8358325958252,
    258.5985655784607,
    260.8367745876312,
    256.90918731689453,
    258.3782398700714,
    257.3646786212921,
    258.0121796131134,
    257.6621677875519
  ]
}