{
  "model": "simple_rnn",
  "best_val_f1": 0.8951048951048951,
  "best_val_acc": 0.8697129909365559,
  "best_val_loss": 0.30322342161145455,
  "epochs_trained": 30,
  "final_test_metrics": {
    "overall": {
      "accuracy": 0.8469786460699682,
      "precision": 0.8588084970452005,
      "recall": 0.8704872915654849,
      "f1": 0.8646084579514391
    },
    "per_class": {
      "Negative": {
        "precision": 0.8313659359190556,
        "recall": 0.8169014084507042,
        "f1": 0.8240702047638947,
        "support": 4828.0
      },
      "Positive": {
        "precision": 0.8588084970452005,
        "recall": 0.8704872915654849,
        "f1": 0.8646084579514391,
        "support": 6177.0
      }
    },
    "confusion_matrix": [
      [
        3944,
        884
      ],
      [
        800,
        5377
      ]
    ],
    "classification_report": "              precision    recall  f1-score   support\n\n    Negative       0.83      0.82      0.82      4828\n    Positive       0.86      0.87      0.86      6177\n\n    accuracy                           0.85     11005\n   macro avg       0.85      0.84      0.84     11005\nweighted avg       0.85      0.85      0.85     11005\n"
  }
}